{"cameraMode":{"drawMode":0,"name":"Shaded","section":"Shading Mode"},"sceneLighting":false,"audioPlay":false,"sceneViewState":{"showFog":true,"showMaterialUpdate":false,"showSkybox":true,"showFlares":true,"showImageEffects":true,"showParticleSystems":true},"in2DMode":false,"pivot":{"x":0.0,"y":6.594913005828857,"z":0.14193296432495118},"rotation":{"x":0.12563182413578034,"y":0.22360335290431977,"z":-0.029075987637043,"w":0.9661121964454651},"size":13.552871704101563,"orthographic":false}