{"cameraMode":{"drawMode":0,"name":"Shaded","section":"Shading Mode"},"sceneLighting":false,"audioPlay":false,"sceneViewState":{"showFog":true,"showMaterialUpdate":false,"showSkybox":true,"showFlares":true,"showImageEffects":true,"showParticleSystems":true},"in2DMode":false,"pivot":{"x":-0.09157729148864746,"y":-0.03710681200027466,"z":0.29990965127944949},"rotation":{"x":0.023605169728398324,"y":0.7805518507957459,"z":-0.029528170824050905,"w":0.6239469647407532},"size":3.471494674682617,"orthographic":false}