{"cameraMode":{"drawMode":0,"name":"Shaded","section":"Shading Mode"},"sceneLighting":false,"audioPlay":false,"sceneViewState":{"showFog":true,"showMaterialUpdate":false,"showSkybox":true,"showFlares":true,"showImageEffects":true,"showParticleSystems":true},"in2DMode":false,"pivot":{"x":-3.463197708129883,"y":2.110743999481201,"z":-39.50071334838867},"rotation":{"x":0.028360355645418168,"y":0.9510987401008606,"z":-0.09188755601644516,"w":0.2935364544391632},"size":7.681827068328857,"orthographic":false}