{"cameraMode":{"drawMode":0,"name":"Shaded","section":"Shading Mode"},"sceneLighting":false,"audioPlay":false,"sceneViewState":{"showFog":true,"showMaterialUpdate":false,"showSkybox":true,"showFlares":true,"showImageEffects":true,"showParticleSystems":true},"in2DMode":false,"pivot":{"x":-4.039999961853027,"y":69.30999755859375,"z":-4.5},"rotation":{"x":-0.07447031885385513,"y":0.3559034764766693,"z":-0.028465155512094499,"w":-0.9311158657073975},"size":5.7157673835754398,"orthographic":false}