{"cameraMode":{"drawMode":0,"name":"Shaded","section":"Shading Mode"},"sceneLighting":false,"audioPlay":false,"sceneViewState":{"showFog":true,"showMaterialUpdate":false,"showSkybox":true,"showFlares":true,"showImageEffects":true,"showParticleSystems":true},"in2DMode":false,"pivot":{"x":0.0,"y":-0.0025434494018554689,"z":-0.07096648216247559},"rotation":{"x":0.2800922393798828,"y":0.31971070170402529,"z":-0.09953247755765915,"w":0.8996814489364624},"size":6.776435852050781,"orthographic":false}