{"cameraMode":{"drawMode":0,"name":"Shaded","section":"Shading Mode"},"sceneLighting":true,"audioPlay":false,"sceneViewState":{"showFog":true,"showMaterialUpdate":false,"showSkybox":true,"showFlares":true,"showImageEffects":true,"showParticleSystems":true},"in2DMode":false,"pivot":{"x":138.21728515625,"y":1022.2527465820313,"z":56.19793701171875},"rotation":{"x":0.015307840891182423,"y":0.02525187097489834,"z":-0.0003855510731227696,"w":0.9995638728141785},"size":662.0338134765625,"orthographic":false}